Index,Date,Open,High,Low,Close,Adj Close,Volume,CloseUSD
HSI,2021-03-17,28992.24023,29180.00977,28780.23047,29034.11914,29034.11914,1901329200.0,3774.4354882
HSI,2021-03-18,29317.60938,29596.58008,29317.60938,29405.7207,29405.7207,2113745200.0,3822.743691
HSI,2021-03-19,29158.48047,29271.40039,28737.53906,28990.93945,28990.93945,3814440800.0,3768.8221285
HSI,2021-03-22,28801.08984,29139.07031,28801.08984,28885.33984,28885.33984,2065830600.0,3755.0941792
HSI,2021-03-23,29008.01953,29043.17969,28376.2207,28497.38086,28497.38086,2049560300.0,3704.659511800001
HSI,2021-03-24,28437.49023,28457.86914,27827.05078,27918.14063,27918.14063,2689142400.0,3629.3582819
HSI,2021-03-25,27628.08008,28032.00977,27505.08008,27899.60938,27899.60938,2595007600.0,3626.9492194
HSI,2021-03-26,28043.65039,28415.15039,28014.28906,28336.42969,28336.42969,2415384100.0,3683.7358597
HSI,2021-03-29,28317.32031,28484.66016,28132.35938,28338.30078,28338.30078,2847744100.0,3683.9791014
HSI,2021-03-30,28552.76953,28694.15039,28371.23047,28577.5,28577.5,2269839800.0,3715.075
HSI,2021-03-31,28802.5293,28802.5293,28332.7793,28378.34961,28378.34961,2703755400.0,3689.1854493
HSI,2021-04-01,28594.55078,28938.74023,28511.65039,28938.74023,28938.74023,2232972100.0,3762.0362299
HSI,2021-04-07,29101.40039,29101.40039,28598.85938,28674.80078,28674.80078,2223606300.0,3727.7241014
HSI,2021-04-08,28604.11914,29054.82031,28587.10938,29008.07031,29008.07031,2522329300.0,3771.0491403
HSI,2021-04-09,29152.43945,29152.43945,28604.55078,28698.80078,28698.80078,1897265800.0,3730.844101400001
HSI,2021-04-12,28791.9707,28791.9707,28274.26953,28453.2793,28453.2793,1992325200.0,3698.926309
HSI,2021-04-13,28557.83984,28877.15039,28452.11914,28497.25,28497.25,2062117300.0,3704.6425
HSI,2021-04-14,28796.55078,28979.34961,28685.06055,28900.83008,28900.83008,1941501600.0,3757.1079104
HSI,2021-04-15,28872.82031,28884.57031,28530.99023,28793.14063,28793.14063,1901863000.0,3743.1082819
HSI,2021-04-16,28827.16992,29079.17969,28711.10938,28969.71094,28969.71094,2192409800.0,3766.0624222
HSI,2021-04-19,28960.13086,29319.75977,28806.75977,29106.15039,29106.15039,2020128300.0,3783.7995507
HSI,2021-04-20,28962.80078,29220.18945,28885.55078,29135.73047,29135.73047,2014210500.0,3787.6449611
HSI,2021-04-21,28702.26953,28778.35938,28506.75977,28621.91992,28621.91992,2202031500.0,3720.8495896
HSI,2021-04-22,28716.98047,28848.01953,28597.0,28755.33984,28755.33984,1934891300.0,3738.1941792
HSI,2021-04-23,28798.44922,29078.75,28748.57031,29078.75,29078.75,1901002000.0,3780.2375
HSI,2021-04-26,29106.44922,29238.99023,28908.65039,28952.83008,28952.83008,1786353600.0,3763.8679104
HSI,2021-04-27,28895.38086,29045.10938,28793.2207,28941.53906,28941.53906,1834872800.0,3762.4000778
HSI,2021-04-28,28991.93945,29071.33984,28887.33008,29071.33984,29071.33984,2074074300.0,3779.2741792
HSI,2021-04-29,29268.21094,29405.11914,29162.86914,29303.25977,29303.25977,1838135800.0,3809.4237701
HSI,2021-04-30,29143.42969,29154.75,28701.68945,28724.88086,28724.88086,2577584300.0,3734.2345118
HSI,2021-05-03,28659.91016,28684.83008,28256.0293,28357.53906,28357.53906,1725985500.0,3686.4800778
HSI,2021-05-04,28438.15039,28577.51953,28321.33984,28557.14063,28557.14063,1921124800.0,3712.428281900001
HSI,2021-05-05,28427.66992,28677.35938,28325.96094,28417.98047,28417.98047,1720837700.0,3694.3374611
HSI,2021-05-06,28647.9707,28753.9707,28384.11914,28637.46094,28637.46094,2478819000.0,3722.8699222
HSI,2021-05-07,28721.13086,28884.0293,28530.71094,28610.65039,28610.65039,2205337100.0,3719.3845507
HSI,2021-05-10,28776.99023,28842.10938,28453.14063,28595.66016,28595.66016,2358822100.0,3717.4358208
HSI,2021-05-11,28286.56055,28286.56055,27910.71094,28013.81055,28013.81055,2383355200.0,3641.7953715
HSI,2021-05-12,28073.91992,28231.03906,27897.4707,28231.03906,28231.03906,2132315300.0,3670.0350778
HSI,2021-05-13,27920.00977,28060.92969,27718.66992,27718.66992,27718.66992,2167381500.0,3603.4270896
HSI,2021-05-14,27872.68945,28064.00977,27715.88086,28027.57031,28027.57031,1880805200.0,3643.5841403
HSI,2021-05-17,28130.50977,28268.39063,28074.14063,28194.08984,28194.08984,1857027900.0,3665.2316792
HSI,2021-05-18,28438.0293,28617.33984,28438.0293,28593.81055,28593.81055,2065990000.0,3717.1953715
HSI,2021-05-20,28413.49023,28508.24023,28293.23047,28450.28906,28450.28906,2465835400.0,3698.5375778
HSI,2021-05-21,28584.33984,28584.33984,28286.91992,28458.43945,28458.43945,1653241900.0,3699.597128500001
HSI,2021-05-24,28417.99023,28444.35938,28195.51953,28412.25977,28412.25977,1719640600.0,3693.5937701
HSI,2021-05-25,28461.5,28929.24023,28461.5,28910.85938,28910.85938,2352077900.0,3758.411719400001
HSI,2021-05-26,29056.2793,29261.85938,29027.94922,29166.00977,29166.00977,2518538400.0,3791.5812701
HSI,2021-05-27,28998.39063,29157.94922,28950.7207,29113.19922,29113.19922,3804955000.0,3784.7158986
HSI,2021-05-28,29219.46094,29336.13086,29033.7207,29124.41016,29124.41016,2591559500.0,3786.1733208
HSI,2021-05-31,29225.46094,29225.46094,28909.51953,29151.80078,29151.80078,2188580800.0,3789.7341014
NYA,2021-03-19,15589.07031,15636.12012,15454.11035,15562.25977,15562.25977,7725050000.0,15562.25977
NYA,2021-03-22,15562.25977,15595.59961,15496.55957,15551.55957,15551.55957,4311380000.0,15551.55957
NYA,2021-03-23,15551.58008,15551.58008,15306.07031,15346.53027,15346.53027,4645340000.0,15346.53027
NYA,2021-03-24,15346.53027,15479.84961,15276.55957,15276.55957,15276.55957,4766990000.0,15276.55957
NYA,2021-03-25,15276.55957,15439.08984,15138.69043,15410.37012,15410.37012,4940800000.0,15410.37012
NYA,2021-03-26,15410.37012,15687.17969,15410.37012,15682.54004,15682.54004,5467850000.0,15682.54004
NYA,2021-03-29,15682.54004,15682.54004,15522.66016,15611.87988,15611.87988,4619840000.0,15611.87988
NYA,2021-03-30,15611.87988,15663.00977,15551.53027,15626.11035,15626.11035,4103570000.0,15626.11035
NYA,2021-03-31,15626.11035,15681.91016,15601.74023,15601.74023,15601.74023,4564980000.0,15601.74023
NYA,2021-04-01,15601.74023,15752.33008,15601.74023,15751.7002,15751.7002,4151240000.0,15751.7002
NYA,2021-04-05,15752.24023,15882.09961,15752.24023,15870.33984,15870.33984,3999760000.0,15870.33984
NYA,2021-04-06,15870.33984,15920.28027,15842.25,15877.95996,15877.95996,4027880000.0,15877.95996
NYA,2021-04-07,15877.95996,15905.25,15804.4502,15838.84961,15838.84961,4112640000.0,15838.84961
NYA,2021-04-08,15838.84961,15894.79981,15812.37012,15886.55957,15886.55957,3901910000.0,15886.55957
NYA,2021-04-09,15886.55957,15956.37988,15865.59961,15956.37012,15956.37012,3634910000.0,15956.37012
NYA,2021-04-12,15956.37012,15986.36035,15933.73047,15977.45996,15977.45996,3578500000.0,15977.45996
NYA,2021-04-13,15977.45996,15989.79981,15902.16016,15962.33984,15962.33984,3728440000.0,15962.33984
NYA,2021-04-14,15962.33984,16076.25977,15962.33984,16000.15039,16000.15039,3976540000.0,16000.15039
NYA,2021-04-15,16000.15039,16123.46973,16000.15039,16116.84961,16116.84961,4027680000.0,16116.84961
NYA,2021-04-16,16116.84961,16207.09961,16116.84961,16186.29004,16186.29004,4157430000.0,16186.29004
NYA,2021-04-19,16186.29004,16186.29004,16076.57031,16107.55957,16107.55957,3788020000.0,16107.55957
NYA,2021-04-20,16107.55957,16107.55957,15887.38965,15944.61035,15944.61035,4338230000.0,15944.61035
NYA,2021-04-21,15944.61035,16128.90039,15903.45996,16121.61035,16121.61035,3865820000.0,16121.61035
NYA,2021-04-22,16121.61035,16175.2002,15991.83984,16030.62012,16030.62012,4235040000.0,16030.62012
NYA,2021-04-23,16030.62012,16246.37012,16030.62012,16206.0,16206.0,3568080000.0,16206.0
NYA,2021-04-26,16206.0,16278.09961,16206.0,16241.20996,16241.20996,3738920000.0,16241.20996
NYA,2021-04-27,16241.20996,16287.62012,16212.75,16273.30957,16273.30957,3703240000.0,16273.30957
NYA,2021-04-28,16273.30957,16362.59961,16273.30957,16322.12988,16322.12988,3772390000.0,16322.12988
NYA,2021-04-29,16322.12988,16413.2793,16263.04004,16376.0,16376.0,4288940000.0,16376.0
NYA,2021-04-30,16376.0,16376.0,16199.48047,16219.33008,16219.33008,4273680000.0,16219.33008
NYA,2021-05-03,16219.33008,16375.07031,16219.33008,16325.24023,16325.24023,4061170000.0,16325.24023
NYA,2021-05-04,16325.24023,16325.24023,16156.99023,16289.26953,16289.26953,4441080000.0,16289.26953
NYA,2021-05-05,16289.26953,16394.61914,16284.74023,16348.41016,16348.41016,4029050000.0,16348.41016
NYA,2021-05-06,16348.41016,16462.43945,16275.16016,16459.59961,16459.59961,4504860000.0,16459.59961
NYA,2021-05-07,16459.59961,16598.01953,16439.03906,16590.42969,16590.42969,4013060000.0,16590.42969
NYA,2021-05-10,16590.42969,16685.89063,16516.80078,16516.83008,16516.83008,3678970000.0,16516.83008
NYA,2021-05-11,16516.83008,16516.83008,16211.54004,16355.62012,16355.62012,3593110000.0,16355.62012
NYA,2021-05-12,16355.62012,16355.62012,16030.29981,16042.96973,16042.96973,3735080000.0,16042.96973
NYA,2021-05-13,16042.96973,16243.26953,16035.49023,16181.62988,16181.62988,3687780000.0,16181.62988
NYA,2021-05-14,16181.62988,16438.90039,16181.62988,16415.35938,16415.35938,3251920000.0,16415.35938
NYA,2021-05-17,16415.35938,16434.25,16341.17969,16422.96094,16422.96094,3307130000.0,16422.96094
NYA,2021-05-18,16422.96094,16458.23047,16337.29004,16337.73047,16337.73047,3559790000.0,16337.73047
NYA,2021-05-19,16337.73047,16337.73047,16040.42969,16233.32031,16233.32031,3485550000.0,16233.32031
NYA,2021-05-20,16233.32031,16398.76953,16233.29981,16350.4502,16350.4502,3019060000.0,16350.4502
NYA,2021-05-21,16350.4502,16475.0,16344.75977,16375.0,16375.0,3344620000.0,16375.0
NYA,2021-05-24,16375.0,16508.51953,16375.0,16464.68945,16464.68945,2947400000.0,16464.68945
NYA,2021-05-25,16464.68945,16525.81055,16375.15039,16390.18945,16390.18945,3420870000.0,16390.18945
NYA,2021-05-26,16390.18945,16466.33984,16388.32031,16451.96094,16451.96094,3674490000.0,16451.96094
NYA,2021-05-27,16451.96094,16546.35938,16451.96094,16531.94922,16531.94922,5201110000.0,16531.94922
NYA,2021-05-28,16531.94922,16588.68945,16531.94922,16555.66016,16555.66016,4199270000.0,16555.66016
IXIC,2021-03-19,13119.90039,13252.37012,13039.4502,13215.24023,13215.24023,7591530000.0,13215.24023
IXIC,2021-03-22,13278.78027,13455.63965,13278.78027,13377.54004,13377.54004,5302770000.0,13377.54004
IXIC,2021-03-23,13381.42969,13405.15039,13202.42969,13227.7002,13227.7002,5607860000.0,13227.7002
IXIC,2021-03-24,13289.24023,13292.91992,12961.34961,12961.88965,12961.88965,6184470000.0,12961.88965
IXIC,2021-03-25,12844.58008,13021.86035,12786.80957,12977.67969,12977.67969,5608640000.0,12977.67969
IXIC,2021-03-26,12996.03027,13149.54981,12878.71973,13138.73047,13138.73047,5195330000.0,13138.73047
IXIC,2021-03-29,13103.96973,13143.41016,12968.16016,13059.65039,13059.65039,4934000000.0,13059.65039
IXIC,2021-03-30,13008.79981,13075.75,12922.57031,13045.38965,13045.38965,4685320000.0,13045.38965
IXIC,2021-03-31,13122.57031,13325.54004,13118.37988,13246.87012,13246.87012,4980670000.0,13246.87012
IXIC,2021-04-01,13414.32031,13487.08008,13404.17969,13480.11035,13480.11035,4553470000.0,13480.11035
IXIC,2021-04-05,13594.90039,13720.58008,13582.75977,13705.58984,13705.58984,4439970000.0,13705.58984
IXIC,2021-04-06,13681.66992,13776.70996,13674.28027,13698.37988,13698.37988,4038510000.0,13698.37988
IXIC,2021-04-07,13675.29981,13733.03027,13653.58984,13688.83984,13688.83984,4078990000.0,13688.83984
IXIC,2021-04-08,13796.88965,13830.13965,13758.70996,13829.30957,13829.30957,4133640000.0,13829.30957
IXIC,2021-04-09,13787.01953,13905.41016,13748.34961,13900.19043,13900.19043,3906460000.0,13900.19043
IXIC,2021-04-12,13854.44043,13877.0,13783.9502,13850.0,13850.0,4230160000.0,13850.0
IXIC,2021-04-13,13902.4502,14011.50977,13902.4502,13996.09961,13996.09961,4200290000.0,13996.09961
IXIC,2021-04-14,14004.08008,14033.62988,13839.04004,13857.83984,13857.83984,4102380000.0,13857.83984
IXIC,2021-04-15,13983.23047,14049.12988,13970.41992,14038.75977,14038.75977,4382620000.0,14038.75977
IXIC,2021-04-16,14059.11035,14062.5,13977.04981,14052.33984,14052.33984,4414640000.0,14052.33984
IXIC,2021-04-19,13984.58008,14041.79004,13842.57031,13914.76953,13914.76953,4349340000.0,13914.76953
IXIC,2021-04-20,13894.45996,13927.66992,13698.66992,13786.26953,13786.26953,4229410000.0,13786.26953
IXIC,2021-04-21,13745.76953,13951.34961,13706.86035,13950.21973,13950.21973,3967090000.0,13950.21973
IXIC,2021-04-22,13952.57031,14015.87012,13771.04004,13818.41016,13818.41016,4397030000.0,13818.41016
IXIC,2021-04-23,13861.37012,14062.74023,13856.83008,14016.80957,14016.80957,4332500000.0,14016.80957
IXIC,2021-04-26,14052.37988,14154.03027,14019.5,14138.78027,14138.78027,4479480000.0,14138.78027
IXIC,2021-04-27,14170.91016,14171.24023,14064.28027,14090.21973,14090.21973,4665430000.0,14090.21973
IXIC,2021-04-28,14082.78027,14133.65039,14034.7002,14051.03027,14051.03027,4532050000.0,14051.03027
IXIC,2021-04-29,14204.50977,14211.57031,13952.79981,14082.54981,14082.54981,4854340000.0,14082.54981
IXIC,2021-04-30,13970.73047,14084.75977,13941.62988,13962.67969,13962.67969,4762770000.0,13962.67969
IXIC,2021-05-03,14031.76953,14042.12012,13881.50977,13895.12012,13895.12012,4718850000.0,13895.12012
IXIC,2021-05-04,13774.50977,13795.57031,13485.58984,13633.5,13633.5,5852850000.0,13633.5
IXIC,2021-05-05,13731.12988,13753.04981,13553.92969,13582.41992,13582.41992,4517100000.0,13582.41992
IXIC,2021-05-06,13557.83008,13635.73047,13439.38965,13632.83984,13632.83984,5000710000.0,13632.83984
IXIC,2021-05-07,13723.08984,13828.62012,13690.75,13752.24023,13752.24023,4376800000.0,13752.24023
IXIC,2021-05-10,13687.58984,13687.92969,13401.74023,13401.86035,13401.86035,4795690000.0,13401.86035
IXIC,2021-05-11,13115.84961,13423.30957,13107.66992,13389.42969,13389.42969,4719720000.0,13389.42969
IXIC,2021-05-12,13215.49023,13288.61035,13002.54004,13031.67969,13031.67969,4730740000.0,13031.67969
IXIC,2021-05-13,13150.94043,13247.87012,13007.24023,13124.99023,13124.99023,4681530000.0,13124.99023
IXIC,2021-05-14,13255.65039,13460.87988,13242.96973,13429.98047,13429.98047,4008110000.0,13429.98047
IXIC,2021-05-17,13368.79981,13399.16992,13265.40039,13379.04981,13379.04981,3980630000.0,13379.04981
IXIC,2021-05-18,13416.90039,13485.33984,13299.92969,13303.63965,13303.63965,4283680000.0,13303.63965
IXIC,2021-05-19,13078.19043,13304.61035,13072.23047,13299.74023,13299.74023,4314980000.0,13299.74023
IXIC,2021-05-20,13356.62988,13563.51953,13355.70996,13535.74023,13535.74023,3972730000.0,13535.74023
IXIC,2021-05-21,13616.19043,13616.58008,13463.25977,13470.99023,13470.99023,3704590000.0,13470.99023
IXIC,2021-05-24,13557.20996,13708.84961,13551.00977,13661.16992,13661.16992,3490650000.0,13661.16992
IXIC,2021-05-25,13721.54004,13751.13965,13631.79981,13657.16992,13657.16992,4084480000.0,13657.16992
IXIC,2021-05-26,13693.94043,13750.16016,13679.58984,13738.0,13738.0,4231140000.0,13738.0
IXIC,2021-05-27,13742.58984,13776.51953,13701.62988,13736.28027,13736.28027,5057550000.0,13736.28027
IXIC,2021-05-28,13792.04981,13820.87012,13747.61035,13748.74023,13748.74023,4435220000.0,13748.74023
000001.SS,2021-04-15,3409.610107,3409.610107,3373.090088,3398.98999,3398.98999,234000.0,543.8383984
000001.SS,2021-04-16,3407.189941,3432.629883,3394.129883,3426.620117,3426.620117,258600.0,548.25921872
000001.SS,2021-04-19,3427.550049,3479.01001,3414.360107,3477.550049,3477.550049,302700.0,556.40800784
000001.SS,2021-04-20,3467.149902,3494.300049,3463.459961,3472.939941,3472.939941,285300.0,555.67039056
000001.SS,2021-04-21,3456.300049,3481.25,3450.110107,3472.929932,3472.929932,253800.0,555.66878912
000001.SS,2021-04-22,3482.830078,3485.360107,3456.320068,3465.110107,3465.110107,251100.0,554.41761712
000001.SS,2021-04-23,3462.090088,3482.360107,3456.330078,3474.169922,3474.169922,249400.0,555.86718752
000001.SS,2021-04-26,3484.110107,3497.120117,3438.570068,3441.169922,3441.169922,277000.0,550.58718752
000001.SS,2021-04-27,3440.090088,3443.850098,3417.26001,3442.610107,3442.610107,253000.0,550.81761712
000001.SS,2021-04-28,3432.159912,3457.070068,3423.330078,3457.070068,3457.070068,247400.0,553.13121088
000001.SS,2021-04-29,3458.080078,3478.22998,3447.590088,3474.899902,3474.899902,276600.0,555.98398432
000001.SS,2021-04-30,3468.300049,3469.090088,3426.899902,3446.860107,3446.860107,312700.0,551.49761712
000001.SS,2021-05-06,3446.070068,3471.23999,3426.850098,3441.280029,3441.280029,310400.0,550.60480464
000001.SS,2021-05-07,3446.409912,3457.889893,3416.780029,3418.870117,3418.870117,353800.0,547.01921872
000001.SS,2021-05-10,3423.590088,3429.73999,3401.929932,3427.98999,3427.98999,374200.0,548.4783984000001
000001.SS,2021-05-11,3406.600098,3448.100098,3384.699951,3441.850098,3441.850098,350900.0,550.69601568
000001.SS,2021-05-12,3429.75,3466.370117,3428.389893,3462.75,3462.75,311400.0,554.04
000001.SS,2021-05-13,3432.139893,3448.02002,3418.379883,3429.540039,3429.540039,319300.0,548.72640624
000001.SS,2021-05-14,3436.090088,3490.639893,3422.560059,3490.379883,3490.379883,337000.0,558.46078128
000001.SS,2021-05-17,3490.409912,3530.51001,3490.139893,3517.620117,3517.620117,322100.0,562.81921872
000001.SS,2021-05-18,3520.649902,3529.01001,3510.860107,3529.01001,3529.01001,271300.0,564.6416016000001
000001.SS,2021-05-19,3521.110107,3521.110107,3503.820068,3510.959961,3510.959961,278300.0,561.7535937600001
000001.SS,2021-05-20,3500.879883,3517.73999,3486.070068,3506.939941,3506.939941,326000.0,561.11039056
000001.SS,2021-05-21,3510.840088,3518.379883,3479.669922,3486.560059,3486.560059,283800.0,557.84960944
000001.SS,2021-05-24,3486.27002,3498.300049,3469.870117,3497.280029,3497.280029,289500.0,559.56480464
000001.SS,2021-05-25,3502.540039,3584.580078,3502.439941,3581.340088,3581.340088,341200.0,573.01441408
000001.SS,2021-05-26,3586.840088,3603.48999,3585.370117,3593.360107,3593.360107,342000.0,574.93761712
000001.SS,2021-05-27,3585.72998,3626.360107,3579.26001,3608.850098,3608.850098,309600.0,577.41601568
000001.SS,2021-05-28,3610.77002,3622.179932,3582.360107,3600.780029,3600.780029,349200.0,576.12480464
000001.SS,2021-05-31,3600.070068,3615.659912,3580.649902,3615.47998,3615.47998,331500.0,578.4767968
N225,2021-03-22,29444.09961,29472.98047,29107.63086,29174.15039,29174.15039,78800000.0,291.7415039
N225,2021-03-23,29381.49023,29496.83008,28995.91992,28995.91992,28995.91992,79200000.0,289.9591992
N225,2021-03-24,28765.55078,28867.66992,28379.06055,28405.51953,28405.51953,96000000.0,284.05519530000004
N225,2021-03-25,28457.33008,28821.83008,28414.91992,28729.88086,28729.88086,72800000.0,287.29880860000003
N225,2021-03-26,29068.51953,29240.74023,28953.2207,29176.69922,29176.69922,73700000.0,291.7669922
N225,2021-03-29,29478.11914,29578.36914,29200.88086,29384.51953,29384.51953,107900000.0,293.8451953
N225,2021-03-30,29365.03906,29478.19922,29283.89063,29432.69922,29432.69922,79900000.0,294.3269922
N225,2021-03-31,29278.33008,29348.99023,29165.51953,29178.80078,29178.80078,82000000.0,291.7880078
N225,2021-04-01,29441.91016,29585.46094,29318.82031,29388.86914,29388.86914,75600000.0,293.8886914
N225,2021-04-02,29704.66016,29869.66992,29694.08984,29854.0,29854.0,57200000.0,298.54
N225,2021-04-05,30084.60938,30195.0,30024.25,30089.25,30089.25,55400000.0,300.8925
N225,2021-04-06,30208.89063,30208.89063,29665.85938,29696.63086,29696.63086,65500000.0,296.9663086
N225,2021-04-07,29743.48047,29867.93945,29523.55078,29730.78906,29730.78906,61500000.0,297.3078906
N225,2021-04-08,29675.88086,29744.78906,29516.41992,29708.98047,29708.98047,62600000.0,297.0898047
N225,2021-04-09,29865.5293,30064.34961,29768.06055,29768.06055,29768.06055,64900000.0,297.6806055
N225,2021-04-12,29874.42969,29876.03906,29538.73047,29538.73047,29538.73047,50200000.0,295.3873047
N225,2021-04-13,29605.68945,29897.10938,29573.78906,29751.60938,29751.60938,54900000.0,297.5160938
N225,2021-04-14,29718.06055,29722.40039,29567.17969,29620.99023,29620.99023,57200000.0,296.2099023
N225,2021-04-15,29573.90039,29787.66016,29558.55078,29642.68945,29642.68945,50600000.0,296.4268945
N225,2021-04-16,29789.08008,29789.08008,29621.83008,29683.36914,29683.36914,49100000.0,296.8336914
N225,2021-04-19,29688.32031,29808.00977,29530.83984,29685.36914,29685.36914,44700000.0,296.8536914
N225,2021-04-20,29355.86914,29361.2793,29014.35938,29100.38086,29100.38086,59900000.0,291.0038086
N225,2021-04-21,28660.35938,28778.92969,28419.83984,28508.55078,28508.55078,71000000.0,285.0855078
N225,2021-04-22,28880.7793,29192.39063,28800.85938,29188.16992,29188.16992,55100000.0,291.8816992
N225,2021-04-23,28939.11914,29035.33984,28770.61914,29020.63086,29020.63086,47500000.0,290.2063086
N225,2021-04-26,29095.49023,29241.2793,28896.36914,29126.23047,29126.23047,49200000.0,291.2623047
N225,2021-04-27,29174.5293,29187.10938,28990.18945,28991.89063,28991.89063,59400000.0,289.9189063
N225,2021-04-28,28935.50977,29139.69922,28875.91016,29053.9707,29053.9707,61400000.0,290.539707
N225,2021-04-30,28996.66016,29046.49023,28760.26953,28812.63086,28812.63086,78400000.0,288.1263086
N225,2021-05-06,29024.00977,29430.2207,28966.4707,29331.36914,29331.36914,94300000.0,293.3136914
N225,2021-05-07,29330.44922,29449.85938,29237.35938,29357.82031,29357.82031,67500000.0,293.5782031
N225,2021-05-10,29376.89063,29685.41016,29346.14063,29518.33984,29518.33984,66300000.0,295.1833984
N225,2021-05-11,29238.56055,29289.11914,28535.35938,28608.58984,28608.58984,73200000.0,286.0858984
N225,2021-05-12,28712.09961,28831.0293,27888.58984,28147.50977,28147.50977,90000000.0,281.4750977
N225,2021-05-13,27929.00977,27961.96094,27385.0293,27448.00977,27448.00977,80500000.0,274.4800977
N225,2021-05-14,27723.69922,28139.96094,27723.69922,28084.4707,28084.4707,73500000.0,280.844707
N225,2021-05-17,28310.46094,28312.7793,27632.5293,27824.83008,27824.83008,63900000.0,278.2483008
N225,2021-05-18,27931.57031,28481.16992,27931.57031,28406.83984,28406.83984,74700000.0,284.06839840000004
N225,2021-05-19,28031.2207,28216.65039,27842.98047,28044.44922,28044.44922,68700000.0,280.4444922
N225,2021-05-20,27875.5,28176.86914,27821.96094,28098.25,28098.25,56800000.0,280.9825
N225,2021-05-21,28269.60938,28411.56055,28193.0293,28317.83008,28317.83008,58700000.0,283.1783008
N225,2021-05-24,28212.32031,28584.17969,28212.32031,28364.60938,28364.60938,54700000.0,283.6460938
N225,2021-05-25,28516.99023,28576.9707,28443.74023,28553.98047,28553.98047,54000000.0,285.5398047
N225,2021-05-26,28396.61914,28710.83008,28396.61914,28642.18945,28642.18945,64200000.0,286.4218945
N225,2021-05-27,28543.32031,28587.21094,28360.56055,28549.00977,28549.00977,138200000.0,285.49009770000004
N225,2021-05-28,28912.53906,29194.10938,28899.66016,29149.41016,29149.41016,80600000.0,291.4941016
N225,2021-05-31,29019.44922,29147.71094,28791.59961,28860.08008,28860.08008,53800000.0,288.6008008
N225,2021-06-01,28998.65039,29075.4707,28611.25,28814.33984,28814.33984,47400000.0,288.1433984
N225,2021-06-02,28730.81055,29003.55078,28565.83008,28946.14063,28946.14063,71000000.0,289.4614063
N225,2021-06-03,28890.39063,29157.16016,28879.15039,29058.10938,29058.10938,0.0,290.5810938
N100,2021-04-22,1226.530029,1233.839966,1225.209961,1232.349976,1232.349976,186883100.0,1503.4669707199998
N100,2021-04-23,1229.640015,1233.099976,1224.359985,1231.790039,1231.790039,177828300.0,1502.78384758
N100,2021-04-26,1231.180054,1235.72998,1228.459961,1233.609985,1233.609985,172095400.0,1505.0041817
N100,2021-04-27,1232.810059,1234.140015,1228.839966,1231.619995,1231.619995,168308700.0,1502.5763939
N100,2021-04-28,1234.75,1239.219971,1232.280029,1236.060059,1236.060059,171253600.0,1507.99327198
N100,2021-04-29,1242.380005,1245.819946,1232.449951,1235.02002,1235.02002,203431400.0,1506.7244244
N100,2021-04-30,1237.76001,1238.099976,1228.380005,1228.380005,1228.380005,191440300.0,1498.6236061
N100,2021-05-03,1231.02002,1236.699951,1225.310059,1235.439941,1235.439941,153353800.0,1507.23672802
N100,2021-05-04,1237.959961,1241.109985,1216.02002,1218.099976,1218.099976,215223500.0,1486.0819707199998
N100,2021-05-05,1227.359985,1238.939941,1225.609985,1238.810059,1238.810059,214677400.0,1511.34827198
N100,2021-05-06,1240.680054,1244.98999,1233.609985,1240.099976,1240.099976,205457300.0,1512.92197072
N100,2021-05-07,1246.810059,1248.199951,1239.030029,1248.140015,1248.140015,192110800.0,1522.7308183
N100,2021-05-10,1249.780029,1249.780029,1240.97998,1243.630005,1243.630005,189458000.0,1517.2286061
N100,2021-05-11,1227.839966,1229.51001,1211.22998,1219.76001,1219.76001,236611300.0,1488.1072121999998
N100,2021-05-12,1219.910034,1224.560059,1214.060059,1220.079956,1220.079956,222628500.0,1488.49754632
N100,2021-05-13,1205.849976,1223.609985,1195.640015,1220.459961,1220.459961,176327600.0,1488.96115242
N100,2021-05-14,1229.810059,1237.939941,1222.030029,1237.890015,1237.890015,181430800.0,1510.2258183
N100,2021-05-17,1241.099976,1242.670044,1231.630005,1234.689941,1234.689941,159643800.0,1506.32172802
N100,2021-05-18,1242.599976,1244.23999,1232.599976,1233.800049,1233.800049,175986500.0,1505.23605978
N100,2021-05-19,1221.420044,1223.380005,1202.780029,1215.27002,1215.27002,217219200.0,1482.6294243999998
N100,2021-05-20,1221.780029,1232.319946,1216.300049,1232.280029,1232.280029,157211900.0,1503.38163538
N100,2021-05-21,1234.920044,1242.76001,1232.290039,1238.920044,1238.920044,182668200.0,1511.48245368
N100,2021-05-24,1240.650024,1244.01001,1238.459961,1243.900024,1243.900024,85213100.0,1517.55802928
N100,2021-05-25,1247.650024,1249.339966,1243.670044,1243.73999,1243.73999,150195900.0,1517.3627878
N100,2021-05-26,1247.119995,1248.640015,1241.199951,1243.420044,1243.420044,161202400.0,1516.97245368
N100,2021-05-27,1241.119995,1251.910034,1241.119995,1247.069946,1247.069946,379696400.0,1521.42533412
N100,2021-05-28,1249.469971,1259.209961,1249.030029,1256.599976,1256.599976,160773400.0,1533.05197072
N100,2021-05-31,1256.079956,1258.880005,1248.140015,1248.930054,1248.930054,91173700.0,1523.6946658799998
N100,2021-06-01,1254.609985,1265.660034,1254.609985,1258.579956,1258.579956,155179900.0,1535.46754632
N100,2021-06-02,1258.48999,1263.709961,1258.23999,1263.619995,1263.619995,148465000.0,1541.6163939
399001.SZ,2021-03-19,13738.20996,13837.23047,13522.94043,13606.0,13606.0,1422500.0,2176.96
399001.SZ,2021-03-22,13605.7002,13797.29981,13565.16992,13760.96973,13760.96973,1489100.0,2201.7551568000003
399001.SZ,2021-03-23,13754.87988,13794.46973,13506.16992,13607.26953,13607.26953,1474000.0,2177.1631248
399001.SZ,2021-03-24,13529.92969,13651.90039,13378.87988,13407.34961,13407.34961,1421100.0,2145.1759376
399001.SZ,2021-03-25,13318.96973,13489.29004,13252.24023,13421.16016,13421.16016,1275400.0,2147.3856256
399001.SZ,2021-03-26,13493.36035,13810.96973,13493.36035,13769.67969,13769.67969,1319600.0,2203.1487504
399001.SZ,2021-03-29,13802.50977,13895.61035,13684.42969,13771.25977,13771.25977,1355200.0,2203.4015632
399001.SZ,2021-03-30,13751.20996,13933.32031,13717.58984,13888.44043,13888.44043,1276200.0,2222.1504688
399001.SZ,2021-03-31,13870.70996,13870.70996,13678.66992,13778.66992,13778.66992,1150700.0,2204.5871872
399001.SZ,2021-04-01,13812.63965,13992.75,13808.32031,13979.69043,13979.69043,1136600.0,2236.7504688000004
399001.SZ,2021-04-02,14042.12988,14178.09961,14008.84961,14122.61035,14122.61035,1227400.0,2259.6176560000004
399001.SZ,2021-04-06,14176.20996,14194.36035,14045.91992,14083.33984,14083.33984,1097700.0,2253.3343744000003
399001.SZ,2021-04-07,14100.84961,14100.84961,13856.96973,13979.30957,13979.30957,1432800.0,2236.6895312
399001.SZ,2021-04-08,13906.82031,14037.4502,13845.12012,13989.94043,13989.94043,1419500.0,2238.3904688
399001.SZ,2021-04-09,13965.20996,13977.28027,13769.19043,13813.30957,13813.30957,1321700.0,2210.1295312
399001.SZ,2021-04-12,13811.58984,13867.16016,13454.26953,13495.71973,13495.71973,1479600.0,2159.3151568000003
399001.SZ,2021-04-13,13490.38965,13671.36035,13484.0,13528.30957,13528.30957,1290200.0,2164.5295312
399001.SZ,2021-04-14,13550.87012,13756.74023,13550.87012,13738.0,13738.0,1236300.0,2198.08
399001.SZ,2021-04-15,13705.12988,13705.12988,13539.07031,13680.26953,13680.26953,1184400.0,2188.8431248
399001.SZ,2021-04-16,13718.23047,13755.4502,13575.62012,13720.74023,13720.74023,1205900.0,2195.3184368
399001.SZ,2021-04-19,13714.38965,14121.20996,13667.75,14117.79981,14117.79981,1524000.0,2258.8479696
399001.SZ,2021-04-20,14062.5,14215.28027,14035.23047,14101.90039,14101.90039,1388500.0,2256.3040624
399001.SZ,2021-04-21,14010.58984,14176.9502,13978.57031,14151.15039,14151.15039,1258600.0,2264.1840624
399001.SZ,2021-04-22,14219.24023,14244.49023,14091.11035,14209.44043,14209.44043,1243000.0,2273.5104688
399001.SZ,2021-04-23,14213.36035,14386.62012,14208.40039,14351.86035,14351.86035,1307200.0,2296.297656
399001.SZ,2021-04-26,14419.84961,14529.42969,14212.21973,14224.4502,14224.4502,1586600.0,2275.912032
399001.SZ,2021-04-27,14211.58008,14266.59961,14106.83008,14264.08008,14264.08008,1285100.0,2282.2528128
399001.SZ,2021-04-28,14238.55957,14398.95996,14190.63965,14398.37988,14398.37988,1250800.0,2303.7407808000003
399001.SZ,2021-04-29,14416.84961,14516.21973,14330.08984,14464.08008,14464.08008,1225200.0,2314.2528128
399001.SZ,2021-04-30,14437.16992,14522.45996,14343.05957,14438.57031,14438.57031,1342800.0,2310.1712496
399001.SZ,2021-05-06,14355.40039,14398.58008,14088.04004,14210.59961,14210.59961,1432900.0,2273.6959376
399001.SZ,2021-05-07,14243.70996,14280.04004,13933.80957,13933.80957,13933.80957,1578100.0,2229.4095312
399001.SZ,2021-05-10,13945.78027,14035.59961,13828.82031,13917.96973,13917.96973,1538200.0,2226.8751568
399001.SZ,2021-05-11,13814.28027,13996.7002,13696.73047,13966.79004,13966.79004,1533800.0,2234.6864064
399001.SZ,2021-05-12,13922.15039,14078.33008,13872.09961,14064.87012,14064.87012,1262800.0,2250.3792192
399001.SZ,2021-05-13,13907.17969,14027.54981,13866.11035,13917.65039,13917.65039,1367600.0,2226.8240624
399001.SZ,2021-05-14,13960.33008,14214.13965,13872.62988,14208.78027,14208.78027,1530900.0,2273.4048432
399001.SZ,2021-05-17,14234.7002,14538.75977,14234.7002,14456.54004,14456.54004,1463900.0,2313.0464064000003
399001.SZ,2021-05-18,14462.41016,14497.90039,14345.99023,14450.59961,14450.59961,1186900.0,2312.0959376
399001.SZ,2021-05-19,14399.75977,14544.2002,14359.01953,14484.4502,14484.4502,1243900.0,2317.512032
399001.SZ,2021-05-20,14455.61035,14582.40039,14431.79981,14535.09961,14535.09961,1438500.0,2325.6159376
399001.SZ,2021-05-21,14582.07031,14634.59961,14386.12012,14417.45996,14417.45996,1287800.0,2306.7935936
399001.SZ,2021-05-24,14436.36035,14506.61035,14295.48047,14506.61035,14506.61035,1306300.0,2321.0576560000004
399001.SZ,2021-05-25,14533.9502,14862.19043,14509.78027,14846.4502,14846.4502,1531600.0,2375.432032
399001.SZ,2021-05-26,14850.28027,14860.63965,14762.2002,14793.67969,14793.67969,1546400.0,2366.9887504000003
399001.SZ,2021-05-27,14796.04981,14955.29981,14720.66992,14897.19043,14897.19043,1502100.0,2383.5504688
399001.SZ,2021-05-28,14899.33008,14977.25,14778.82031,14852.87988,14852.87988,1651600.0,2376.4607808
399001.SZ,2021-05-31,14874.88965,14996.37988,14836.15039,14996.37988,14996.37988,1460400.0,2399.4207808
399001.SZ,2021-06-01,14963.9502,15039.01953,14820.74023,15034.78027,15034.78027,1515600.0,2405.5648432
399001.SZ,2021-06-02,15044.94043,15051.20996,14793.74023,14857.91016,14857.91016,1470800.0,2377.2656256
GSPTSE,2021-04-19,19341.19922,19364.59961,19180.0,19204.40039,19204.40039,19288620000.0,15939.652323699998
GSPTSE,2021-04-20,19106.69922,19119.69922,18967.09961,19040.80078,19040.80078,19804310000.0,15803.8646474
GSPTSE,2021-04-21,19022.90039,19152.80078,19022.90039,19143.30078,19143.30078,16859050000.0,15888.9396474
GSPTSE,2021-04-22,19148.40039,19148.40039,18988.69922,19031.59961,19031.59961,17167730000.0,15796.2276763
GSPTSE,2021-04-23,19056.0,19126.09961,19033.5,19102.30078,19102.30078,17063460000.0,15854.9096474
GSPTSE,2021-04-26,19109.90039,19186.80078,19104.90039,19170.59961,19170.59961,19157010000.0,15911.5976763
GSPTSE,2021-04-27,19205.5,19241.59961,19123.40039,19175.09961,19175.09961,18447670000.0,15915.3326763
GSPTSE,2021-04-28,19235.90039,19403.5,19217.59961,19357.0,19357.0,19169260000.0,16066.31
GSPTSE,2021-04-29,19413.5,19439.80078,19221.69922,19255.90039,19255.90039,19864100000.0,15982.3973237
GSPTSE,2021-04-30,19196.5,19227.40039,19085.0,19108.30078,19108.30078,19916240000.0,15859.8896474
GSPTSE,2021-05-03,19193.59961,19276.09961,19193.59961,19213.19922,19213.19922,18582080000.0,15946.955352599998
GSPTSE,2021-05-04,19207.19922,19231.19922,19052.40039,19188.0,19188.0,22774850000.0,15926.04
GSPTSE,2021-05-05,19259.09961,19340.30078,19219.09961,19310.69922,19310.69922,24633120000.0,16027.880352599996
GSPTSE,2021-05-06,19313.30078,19320.30078,19181.90039,19291.0,19291.0,24441780000.0,16011.53
GSPTSE,2021-05-07,19330.80078,19491.5,19317.30078,19472.69922,19472.69922,24944460000.0,16162.340352599998
GSPTSE,2021-05-10,19503.59961,19543.90039,19361.90039,19361.90039,19361.90039,27298850000.0,16070.3773237
GSPTSE,2021-05-11,19185.5,19295.59961,19090.30078,19274.0,19274.0,26860130000.0,15997.42
GSPTSE,2021-05-12,19216.30078,19259.0,19067.69922,19107.80078,19107.80078,24614200000.0,15859.4746474
GSPTSE,2021-05-13,19100.80078,19210.0,19064.0,19135.80078,19135.80078,23906360000.0,15882.7146474
GSPTSE,2021-05-14,19206.19922,19393.30078,19202.69922,19366.69922,19366.69922,22570140000.0,16074.3603526
GSPTSE,2021-05-17,19341.90039,19475.5,19320.09961,19474.69922,19474.69922,24678270000.0,16164.000352599998
GSPTSE,2021-05-18,19477.09961,19556.90039,19414.09961,19507.09961,19507.09961,20365530000.0,16190.8926763
GSPTSE,2021-05-19,19348.19922,19440.5,19224.19922,19417.0,19417.0,27184490000.0,16116.11
GSPTSE,2021-05-20,19444.69922,19582.40039,19420.59961,19543.0,19543.0,21029110000.0,16220.69
GSPTSE,2021-05-21,19614.80078,19614.80078,19507.80078,19527.30078,19527.30078,17195750000.0,16207.6596474
GSPTSE,2021-05-25,19621.30078,19679.90039,19553.80078,19564.09961,19564.09961,23215580000.0,16238.2026763
GSPTSE,2021-05-26,19654.19922,19763.69922,19634.59961,19745.5,19745.5,22818630000.0,16388.765
GSPTSE,2021-05-27,19768.09961,19835.30078,19752.5,19774.40039,19774.40039,46507910000.0,16412.7523237
GSPTSE,2021-05-28,19876.5,19904.80078,19841.0,19852.19922,19852.19922,22700180000.0,16477.325352599997
GSPTSE,2021-05-31,19905.80078,19909.59961,19705.80078,19731.0,19731.0,10225700000.0,16376.73
NSEI,2021-03-16,14996.09961,15051.59961,14890.65039,14910.4502,14910.4502,100.0,149.104502
NSEI,2021-03-17,14946.54981,14956.54981,14696.04981,14721.29981,14721.29981,100.0,147.21299810000002
NSEI,2021-03-18,14855.5,14875.2002,14478.59961,14557.84961,14557.84961,542200.0,145.5784961
NSEI,2021-03-19,14471.15039,14788.25,14350.09961,14744.0,14744.0,919200.0,147.44
NSEI,2021-03-22,14736.29981,14763.90039,14597.84961,14736.40039,14736.40039,459000.0,147.3640039
NSEI,2021-03-23,14768.54981,14878.59961,14707.0,14814.75,14814.75,474200.0,148.1475
NSEI,2021-03-24,14712.4502,14752.34961,14535.0,14549.40039,14549.40039,456400.0,145.49400390000002
NSEI,2021-03-25,14570.90039,14575.59961,14264.40039,14324.90039,14324.90039,606800.0,143.24900390000002
NSEI,2021-03-26,14506.29981,14572.90039,14414.25,14507.29981,14507.29981,481000.0,145.0729981
NSEI,2021-03-30,14628.5,14876.29981,14617.59961,14845.09961,14845.09961,594500.0,148.4509961
NSEI,2021-03-31,14811.84961,14813.75,14670.25,14690.7002,14690.7002,463900.0,146.907002
NSEI,2021-04-01,14798.40039,14883.2002,14692.4502,14867.34961,14867.34961,445000.0,148.6734961
NSEI,2021-04-05,14837.7002,14849.84961,14459.5,14637.79981,14637.79981,509700.0,146.3779981
NSEI,2021-04-06,14737.0,14779.09961,14573.90039,14683.5,14683.5,475300.0,146.835
NSEI,2021-04-07,14716.4502,14879.79981,14649.84961,14819.04981,14819.04981,0.0,148.1904981
NSEI,2021-04-08,14875.65039,14984.15039,14821.09961,14873.79981,14873.79981,514800.0,148.7379981
NSEI,2021-04-09,14882.65039,14918.4502,14785.65039,14834.84961,14834.84961,504100.0,148.3484961
NSEI,2021-04-12,14644.65039,14652.5,14248.7002,14310.79981,14310.79981,650200.0,143.1079981
NSEI,2021-04-13,14364.90039,14528.90039,14274.90039,14504.79981,14504.79981,605100.0,145.0479981
NSEI,2021-04-15,14522.40039,14597.54981,14353.2002,14581.4502,14581.4502,568000.0,145.814502
NSEI,2021-04-16,14599.59961,14697.7002,14559.0,14617.84961,14617.84961,577200.0,146.1784961
NSEI,2021-04-19,14306.59961,14382.29981,14191.40039,14359.4502,14359.4502,512300.0,143.594502
NSEI,2021-04-20,14526.7002,14526.9502,14207.29981,14296.40039,14296.40039,467400.0,142.96400390000002
NSEI,2021-04-22,14219.15039,14424.75,14151.40039,14406.15039,14406.15039,524600.0,144.06150390000002
NSEI,2021-04-23,14326.34961,14461.15039,14273.29981,14341.34961,14341.34961,498100.0,143.4134961
NSEI,2021-04-26,14449.4502,14557.5,14421.29981,14485.0,14485.0,452700.0,144.85
NSEI,2021-04-27,14493.79981,14667.54981,14484.84961,14653.04981,14653.04981,451800.0,146.53049810000002
NSEI,2021-04-28,14710.5,14890.25,14694.9502,14864.54981,14864.54981,457000.0,148.6454981
NSEI,2021-04-29,14979.0,15044.34961,14814.4502,14894.90039,14894.90039,517500.0,148.9490039
NSEI,2021-04-30,14747.34961,14855.4502,14601.7002,14631.09961,14631.09961,613900.0,146.31099609999998
NSEI,2021-05-03,14481.04981,14673.84961,14416.25,14634.15039,14634.15039,448900.0,146.34150390000002
NSEI,2021-05-04,14687.25,14723.40039,14461.5,14496.5,14496.5,503400.0,144.965
NSEI,2021-05-05,14604.15039,14637.90039,14506.59961,14617.84961,14617.84961,455900.0,146.1784961
NSEI,2021-05-06,14668.34961,14743.90039,14611.5,14724.79981,14724.79981,467800.0,147.24799810000002
NSEI,2021-05-07,14816.84961,14863.04981,14765.5,14823.15039,14823.15039,488000.0,148.2315039
NSEI,2021-05-10,14928.25,14966.90039,14892.5,14942.34961,14942.34961,522000.0,149.4234961
NSEI,2021-05-11,14789.7002,14900.0,14771.40039,14850.75,14850.75,647400.0,148.5075
NSEI,2021-05-12,14823.54981,14824.04981,14649.7002,14696.5,14696.5,643800.0,146.965
NSEI,2021-05-14,14749.40039,14749.65039,14591.90039,14677.79981,14677.79981,620700.0,146.77799810000002
NSEI,2021-05-17,14756.25,14938.0,14725.34961,14923.15039,14923.15039,546400.0,149.2315039
NSEI,2021-05-18,15067.2002,15137.25,15043.7002,15108.09961,15108.09961,583900.0,151.0809961
NSEI,2021-05-19,15058.59961,15133.40039,15008.84961,15030.15039,15030.15039,569100.0,150.3015039
NSEI,2021-05-20,15042.59961,15069.79981,14884.90039,14906.04981,14906.04981,480300.0,149.06049810000002
NSEI,2021-05-21,14987.79981,15190.0,14985.84961,15175.29981,15175.29981,572900.0,151.7529981
NSEI,2021-05-24,15211.34961,15256.25,15145.4502,15197.7002,15197.7002,579800.0,151.977002
NSEI,2021-05-25,15291.75,15293.84961,15163.40039,15208.4502,15208.4502,441500.0,152.084502
NSEI,2021-05-26,15257.04981,15319.90039,15194.9502,15301.4502,15301.4502,384000.0,153.014502
NSEI,2021-05-27,15323.9502,15384.54981,15272.5,15337.84961,15337.84961,0.0,153.3784961
NSEI,2021-05-28,15421.2002,15469.65039,15394.75,15435.65039,15435.65039,468100.0,154.3565039
NSEI,2021-05-31,15437.75,15606.34961,15374.0,15582.79981,15582.79981,436000.0,155.8279981
GDAXI,2021-03-18,14673.71973,14804.00977,14669.9502,14775.51953,14775.51953,104691200.0,18026.1338266
GDAXI,2021-03-19,14697.25977,14747.55957,14563.20996,14621.0,14621.0,207441200.0,17837.62
GDAXI,2021-03-22,14551.16992,14677.12012,14539.26953,14657.20996,14657.20996,66130200.0,17881.7961512
GDAXI,2021-03-23,14582.07031,14707.37012,14516.21973,14662.01953,14662.01953,73296400.0,17887.6638266
GDAXI,2021-03-24,14543.58008,14619.04004,14523.12012,14610.38965,14610.38965,65084000.0,17824.675373
GDAXI,2021-03-25,14550.40039,14621.36035,14422.65039,14621.36035,14621.36035,80104500.0,17838.059627000002
GDAXI,2021-03-26,14714.58984,14776.32031,14693.94043,14748.94043,14748.94043,67169800.0,17993.7073246
GDAXI,2021-03-29,14809.79981,14845.41992,14756.04004,14817.71973,14817.71973,71106000.0,18077.6180706
GDAXI,2021-03-30,14897.66016,15029.7002,14890.28027,15008.61035,15008.61035,71173400.0,18310.504627
GDAXI,2021-03-31,14982.12012,15026.49023,14973.58984,15008.33984,15008.33984,76061700.0,18310.1746048
GDAXI,2021-04-01,15053.76953,15110.91992,15032.51953,15107.16992,15107.16992,67886600.0,18430.7473024
GDAXI,2021-04-06,15289.96973,15311.86035,15209.90039,15212.67969,15212.67969,79478900.0,18559.4692218
GDAXI,2021-04-07,15221.23047,15242.73047,15160.28027,15176.36035,15176.36035,59116700.0,18515.159627
GDAXI,2021-04-08,15236.44043,15247.78027,15144.11035,15202.67969,15202.67969,68862100.0,18547.2692218
GDAXI,2021-04-09,15198.13965,15243.55957,15157.20996,15234.16016,15234.16016,56870100.0,18585.6753952
GDAXI,2021-04-12,15238.84961,15275.33008,15212.24023,15215.0,15215.0,53646400.0,18562.3
GDAXI,2021-04-13,15244.62012,15281.65039,15184.9502,15234.36035,15234.36035,62443500.0,18585.919627
GDAXI,2021-04-14,15253.58984,15255.91992,15191.50977,15209.15039,15209.15039,66666600.0,18555.1634758
GDAXI,2021-04-15,15238.62988,15271.69043,15227.62988,15255.33008,15255.33008,61834300.0,18611.5026976
GDAXI,2021-04-16,15277.84961,15473.83008,15274.21973,15459.75,15459.75,82758000.0,18860.895
GDAXI,2021-04-19,15496.87012,15501.83984,15368.13965,15368.38965,15368.38965,61839400.0,18749.435373
GDAXI,2021-04-20,15361.15039,15393.12988,15109.54004,15129.50977,15129.50977,76224500.0,18458.0019194
GDAXI,2021-04-21,15179.91016,15210.69043,15071.78027,15195.96973,15195.96973,67077500.0,18539.0830706
GDAXI,2021-04-22,15252.04004,15328.33008,15230.2002,15320.51953,15320.51953,59628300.0,18691.0338266
GDAXI,2021-04-23,15267.75977,15309.08984,15149.34961,15279.62012,15279.62012,57798000.0,18641.1365464
GDAXI,2021-04-26,15297.92969,15325.88965,15237.01953,15296.33984,15296.33984,49117600.0,18661.5346048
GDAXI,2021-04-27,15282.83984,15293.88965,15186.75977,15249.26953,15249.26953,54513000.0,18604.1088266
GDAXI,2021-04-28,15320.40039,15355.28027,15266.61035,15292.17969,15292.17969,79607600.0,18656.4592218
GDAXI,2021-04-29,15326.23047,15329.71973,15085.01953,15154.2002,15154.2002,80110800.0,18488.124244
GDAXI,2021-04-30,15204.38965,15244.25977,15135.91016,15135.91016,15135.91016,75194700.0,18465.8103952
GDAXI,2021-05-03,15191.79004,15268.55957,15111.29981,15236.46973,15236.46973,48822800.0,18588.4930706
GDAXI,2021-05-04,15259.5,15260.75,14845.26953,14856.48047,14856.48047,89422100.0,18124.9061734
GDAXI,2021-05-05,14969.62988,15170.78027,14963.76953,15170.78027,15170.78027,81587200.0,18508.3519294
GDAXI,2021-05-06,15170.76953,15281.40039,15092.76953,15196.74023,15196.74023,77036200.0,18540.0230806
GDAXI,2021-05-07,15348.32031,15406.41016,15290.2002,15399.65039,15399.65039,74562700.0,18787.5734758
GDAXI,2021-05-10,15417.53027,15419.42969,15347.95996,15400.41016,15400.41016,65162200.0,18788.5003952
GDAXI,2021-05-11,15253.32031,15255.88965,15006.73047,15119.75,15119.75,80129000.0,18446.095
GDAXI,2021-05-12,15144.04004,15226.36035,15058.11035,15150.21973,15150.21973,79302600.0,18483.2680706
GDAXI,2021-05-13,14967.79981,15235.88965,14816.34961,15199.67969,15199.67969,64374900.0,18543.6092218
GDAXI,2021-05-14,15301.74023,15417.24023,15214.67969,15416.63965,15416.63965,69232200.0,18808.300373
GDAXI,2021-05-17,15432.33984,15482.23047,15353.66016,15396.62012,15396.62012,67787000.0,18783.8765464
GDAXI,2021-05-18,15514.71973,15538.00977,15344.09961,15386.58008,15386.58008,65843300.0,18771.6276976
GDAXI,2021-05-19,15238.82031,15266.53027,14961.26953,15113.55957,15113.55957,75858000.0,18438.5426754
GDAXI,2021-05-20,15207.32031,15370.25977,15102.34961,15370.25977,15370.25977,65602300.0,18751.7169194
GDAXI,2021-05-21,15411.03027,15467.19043,15364.42969,15437.50977,15437.50977,70065600.0,18833.7619194
GDAXI,2021-05-25,15548.29004,15568.59961,15465.08984,15465.08984,15465.08984,92981200.0,18867.4096048
GDAXI,2021-05-26,15520.44043,15541.86035,15407.48047,15450.71973,15450.71973,58668800.0,18849.8780706
GDAXI,2021-05-27,15419.2002,15490.05957,15350.66992,15406.73047,15406.73047,119417800.0,18796.2111734
GDAXI,2021-05-28,15443.13965,15548.71973,15435.74023,15519.98047,15519.98047,56862000.0,18934.3761734
GDAXI,2021-05-31,15496.48047,15499.63965,15414.37988,15421.12988,15421.12988,36495900.0,18813.7784536
SSMI,2021-03-11,10894.83984,10917.74023,10859.5,10883.23047,10883.23047,51944900.0,12080.385821700002
SSMI,2021-03-12,10850.38965,10872.20996,10830.28027,10839.92969,10839.92969,49626500.0,12032.321955900004
SSMI,2021-03-15,10858.5,10905.19043,10842.83008,10867.33008,10867.33008,45830100.0,12062.7363888
SSMI,2021-03-16,10925.04981,10968.54004,10916.0,10944.48047,10944.48047,485900.0,12148.3733217
SSMI,2021-03-17,10934.46973,10947.38965,10881.5,10922.49023,10922.49023,508800.0,12123.9641553
SSMI,2021-03-18,10912.75,10983.23047,10896.41016,10973.75977,10973.75977,68762600.0,12180.8733447
SSMI,2021-03-19,10915.46973,10975.90039,10891.66992,10967.37012,10967.37012,143857700.0,12173.7808332
SSMI,2021-03-22,10931.55957,11048.58008,10928.33984,11048.58008,11048.58008,51626500.0,12263.9238888
SSMI,2021-03-23,11030.88965,11118.33008,11016.20996,11098.66016,11098.66016,48422000.0,12319.5127776
SSMI,2021-03-24,11048.58984,11106.94043,11033.37012,11063.87012,11063.87012,43812200.0,12280.8958332
SSMI,2021-03-25,11026.65039,11102.78027,11017.32031,11098.80957,11098.80957,52085500.0,12319.6786227
SSMI,2021-03-26,11113.90039,11143.86035,11091.62988,11116.80957,11116.80957,46264000.0,12339.6586227
SSMI,2021-03-29,11127.74023,11132.0,11058.69043,11089.59961,11089.59961,117373800.0,12309.4555671
SSMI,2021-03-30,11110.63965,11138.11035,11079.87988,11121.41992,11121.41992,79382900.0,12344.7761112
SSMI,2021-03-31,11114.88965,11123.25977,11047.01953,11047.37012,11047.37012,76397500.0,12262.580833200002
SSMI,2021-04-01,11102.29004,11141.2002,11080.55957,11118.03027,11118.03027,53530400.0,12341.0135997
SSMI,2021-04-06,11170.59961,11213.79004,11142.66992,11182.9502,11182.9502,80579800.0,12413.074722
SSMI,2021-04-07,11147.37012,11163.33984,11108.33008,11128.17969,11128.17969,53400300.0,12352.2794559
SSMI,2021-04-08,11129.13965,11206.87988,11128.66992,11206.87988,11206.87988,45600000.0,12439.6366668
SSMI,2021-04-09,11206.84961,11247.00977,11190.7002,11238.51953,11238.51953,59491200.0,12474.7566783
SSMI,2021-04-12,11220.76953,11238.37988,11166.32031,11181.34961,11181.34961,43543800.0,12411.2980671
SSMI,2021-04-13,11174.08008,11180.95996,11094.83984,11122.37012,11122.37012,49992700.0,12345.830833200002
SSMI,2021-04-14,11135.69043,11182.33008,11121.87012,11156.20996,11156.20996,54605000.0,12383.3930556
SSMI,2021-04-15,11160.90039,11226.25,11156.55957,11198.7002,11198.7002,51925500.0,12430.557222
SSMI,2021-04-16,11198.58008,11262.96973,11169.00977,11262.96973,11262.96973,60213200.0,12501.896400300002
SSMI,2021-04-19,11245.00977,11266.78027,11183.55957,11209.83984,11209.83984,47832700.0,12442.922222400002
SSMI,2021-04-20,11203.08008,11216.34961,11065.87012,11078.98047,11078.98047,53953700.0,12297.6683217
SSMI,2021-04-21,11119.44043,11229.15039,11117.62012,11209.08984,11209.08984,57623700.0,12442.089722400002
SSMI,2021-04-22,11214.23047,11254.91016,11197.54004,11224.90039,11224.90039,99097900.0,12459.6394329
SSMI,2021-04-23,11211.91016,11217.88965,11130.30957,11200.54004,11200.54004,60883900.0,12432.5994444
SSMI,2021-04-26,11194.40039,11201.79981,11131.19043,11162.08984,11162.08984,54299300.0,12389.919722400002
SSMI,2021-04-27,11147.58008,11178.41992,11068.23047,11092.08008,11092.08008,61400400.0,12312.208888800002
SSMI,2021-04-28,11106.82031,11126.69043,11070.71973,11103.45996,11103.45996,50802200.0,12324.840555600002
SSMI,2021-04-29,11137.17969,11162.2002,11064.28027,11079.50977,11079.50977,49377400.0,12298.2558447
SSMI,2021-04-30,11103.99023,11123.34961,11022.33984,11022.33984,11022.33984,48384300.0,12234.797222400002
SSMI,2021-05-03,11072.54004,11148.05957,11056.70996,11119.0,11119.0,34465500.0,12342.090000000002
SSMI,2021-05-04,11123.44043,11144.83008,10959.78027,10970.92969,10970.92969,49994300.0,12177.731955900004
SSMI,2021-05-06,11129.84961,11139.62988,11062.69043,11111.09961,11111.09961,49963800.0,12333.3205671
SSMI,2021-05-07,11140.83008,11173.57031,11106.41992,11173.57031,11173.57031,47442300.0,12402.6630441
SSMI,2021-05-10,11157.75977,11159.08008,11086.98047,11123.66992,11123.66992,40932200.0,12347.273611200002
SSMI,2021-05-12,11014.33008,11069.24023,10981.79981,11033.90039,11033.90039,47616100.0,12247.6294329
SSMI,2021-05-14,11101.48047,11129.87012,11066.59961,11120.76953,11120.76953,41027200.0,12344.0541783
SSMI,2021-05-17,11133.29981,11163.99023,11084.51953,11135.37012,11135.37012,39926000.0,12360.2608332
SSMI,2021-05-18,11178.46973,11205.69043,11116.29981,11141.75,11141.75,36718300.0,12367.3425
SSMI,2021-05-19,11060.74023,11099.54004,10993.71973,11045.2002,11045.2002,46757000.0,12260.172222
SSMI,2021-05-20,11091.32031,11152.08008,11054.41992,11152.08008,11152.08008,42271500.0,12378.8088888
SSMI,2021-05-21,11205.80957,11239.2002,11138.90039,11225.58008,11225.58008,43988800.0,12460.3938888
SSMI,2021-05-26,11325.41992,11382.32031,11310.41992,11348.74023,11348.74023,40702000.0,12597.1016553
SSMI,2021-05-27,11341.19043,11408.61035,11321.11035,11340.26953,11340.26953,77076000.0,12587.6991783
SSMI,2021-05-28,11345.40039,11443.96973,11326.75,11426.15039,11426.15039,40919400.0,12683.026932900002
TWII,2021-03-17,16312.98047,16349.20996,16166.34961,16215.82031,16215.82031,4911400.0,648.6328124
TWII,2021-03-18,16264.61035,16410.01953,16264.61035,16287.83984,16287.83984,5694800.0,651.5135936
TWII,2021-03-19,16186.45996,16186.45996,16022.16992,16070.24023,16070.24023,6753400.0,642.8096092
TWII,2021-03-22,16065.5,16235.62988,15983.76953,16189.21973,16189.21973,7093200.0,647.5687892000001
TWII,2021-03-23,16250.2002,16351.37988,16166.29004,16177.58984,16177.58984,7291400.0,647.1035936000001
TWII,2021-03-24,15994.95996,16125.54004,15967.9502,16032.12012,16032.12012,5549900.0,641.2848048
TWII,2021-03-25,16010.54004,16146.58008,15944.95996,16060.13965,16060.13965,5947800.0,642.405586
TWII,2021-03-26,16140.37012,16325.62012,16140.37012,16305.87988,16305.87988,5404200.0,652.2351952
TWII,2021-03-29,16411.66992,16520.89063,16411.66992,16475.9707,16475.9707,6897800.0,659.0388280000001
TWII,2021-03-30,16490.31055,16556.18945,16438.40039,16554.90039,16554.90039,5851100.0,662.1960156
TWII,2021-03-31,16529.23047,16550.19922,16427.19922,16431.13086,16431.13086,5865500.0,657.2452344000001
TWII,2021-04-01,16538.2793,16602.4707,16496.16016,16571.2793,16571.2793,5687600.0,662.8511719999999
TWII,2021-04-07,16771.34961,16816.33984,16715.32031,16815.35938,16815.35938,6682200.0,672.6143752
TWII,2021-04-08,16786.56055,16926.7207,16735.7793,16926.43945,16926.43945,7382600.0,677.057578
TWII,2021-04-09,16974.2793,17016.13086,16815.58984,16854.09961,16854.09961,8624700.0,674.1639844
TWII,2021-04-12,16908.55078,16979.34961,16793.53906,16859.69922,16859.69922,9009000.0,674.3879688
TWII,2021-04-13,16872.40039,17041.36914,16802.2207,16824.91016,16824.91016,10350300.0,672.9964064
TWII,2021-04-14,16869.7793,16935.39063,16559.57031,16865.9707,16865.9707,10140000.0,674.6388280000001
TWII,2021-04-15,16851.06055,17076.73047,16851.06055,17076.73047,17076.73047,7006700.0,683.0692187999999
TWII,2021-04-16,17028.34961,17158.81055,16998.91016,17158.81055,17158.81055,7912900.0,686.3524219999999
TWII,2021-04-19,17141.25,17294.15039,17135.51953,17263.2793,17263.2793,10158100.0,690.531172
TWII,2021-04-20,17231.58008,17323.86914,17175.01953,17323.86914,17323.86914,9165400.0,692.9547656
TWII,2021-04-21,17282.75977,17282.75977,17167.39063,17202.10938,17202.10938,9427000.0,688.0843752000001
TWII,2021-04-22,17302.73047,17428.15039,17066.16992,17096.9707,17096.9707,14999500.0,683.8788280000001
TWII,2021-04-23,17117.49023,17300.26953,17055.48047,17300.26953,17300.26953,9329900.0,692.0107812000001
TWII,2021-04-26,17378.35938,17572.28906,17378.35938,17572.28906,17572.28906,9298000.0,702.8915624
TWII,2021-04-27,17586.01953,17630.18945,17489.71094,17595.90039,17595.90039,9687900.0,703.8360156
TWII,2021-04-28,17610.7207,17628.81055,17497.74023,17567.5293,17567.5293,10510700.0,702.7011719999999
TWII,2021-04-29,17646.92969,17709.23047,17548.30078,17566.66016,17566.66016,10991600.0,702.6664064
TWII,2021-05-03,17505.51953,17546.93945,17222.34961,17222.34961,17222.34961,11037100.0,688.8939844
TWII,2021-05-04,17249.56055,17328.55078,16647.60938,16933.7793,16933.7793,12968600.0,677.3511719999999
TWII,2021-05-05,16968.75,17052.19922,16843.43945,16843.43945,16843.43945,8435500.0,673.7375780000001
TWII,2021-05-06,16925.51953,17088.73047,16764.71094,16994.35938,16994.35938,9028200.0,679.7743752000001
TWII,2021-05-07,17032.23047,17285.0,17032.23047,17285.0,17285.0,8356000.0,691.4
TWII,2021-05-10,17274.23047,17304.4707,17188.15039,17235.60938,17235.60938,9059300.0,689.4243752000001
TWII,2021-05-11,17137.18945,17137.18945,16460.86914,16583.13086,16583.13086,12909700.0,663.3252344000001
TWII,2021-05-12,16515.88086,16552.63086,15165.26953,15902.37012,15902.37012,13913300.0,636.0948048
TWII,2021-05-13,15668.33008,16031.92969,15368.54004,15670.09961,15670.09961,10615100.0,626.8039844
TWII,2021-05-14,15819.24023,16075.48047,15702.09961,15827.08984,15827.08984,9406800.0,633.0835936000001
TWII,2021-05-17,15554.99023,15719.74023,15159.86035,15353.88965,15353.88965,9443500.0,614.155586
TWII,2021-05-18,15564.95996,16153.76953,15564.95996,16145.98047,16145.98047,7546900.0,645.8392188
TWII,2021-05-19,16112.20996,16273.98047,16009.75977,16132.66016,16132.66016,8707800.0,645.3064064
TWII,2021-05-20,16122.51953,16154.08008,15943.4502,16042.36035,16042.36035,8178100.0,641.694414
TWII,2021-05-21,16136.86035,16431.14063,16136.86035,16302.05957,16302.05957,7531400.0,652.0823828
TWII,2021-05-24,16246.51953,16397.58984,16136.96973,16338.29004,16338.29004,7333500.0,653.5316016
TWII,2021-05-25,16444.75,16657.59961,16444.75,16595.66992,16595.66992,9038500.0,663.8267968
TWII,2021-05-26,16645.16992,16706.28906,16523.23047,16643.68945,16643.68945,6816100.0,665.7475780000001
TWII,2021-05-27,16591.69922,16601.60938,16419.41992,16601.60938,16601.60938,8532000.0,664.0643752000001
TWII,2021-05-28,16690.03906,16889.00977,16690.03906,16870.85938,16870.85938,8549300.0,674.8343752000001
TWII,2021-05-31,16948.4707,17113.33008,16939.91016,17068.42969,17068.42969,9490500.0,682.7371876000001
J203.JO,2021-03-17,67289.36719,67445.42969,66246.60156,66494.49219,66494.49219,0.0,4654.614453300001
J203.JO,2021-03-18,66494.49219,67516.34375,66494.49219,66739.74219,66739.74219,0.0,4671.781953300001
J203.JO,2021-03-19,66739.74219,66739.74219,65609.57813,65911.27344,65911.27344,0.0,4613.7891408000005
J203.JO,2021-03-23,65911.27344,65911.27344,65171.35156,65318.51953,65318.51953,0.0,4572.296367100001
J203.JO,2021-03-24,65318.51953,65460.16016,64248.35938,65257.08984,65257.08984,0.0,4567.996288800001
J203.JO,2021-03-25,65257.08984,65400.32813,64503.03125,64783.62109,64783.62109,0.0,4534.853476300001
J203.JO,2021-03-26,64783.62109,66861.6875,64783.62109,66833.99219,66833.99219,0.0,4678.379453300001
J203.JO,2021-03-29,66833.99219,67430.11719,66576.32813,67089.36719,67089.36719,0.0,4696.255703300001
J203.JO,2021-03-30,67089.36719,67340.0625,66773.32813,67291.65625,67291.65625,0.0,4710.415937500001
J203.JO,2021-03-31,67291.65625,67323.92188,66384.1875,66485.28906,66485.28906,0.0,4653.9702342
J203.JO,2021-04-01,66485.28906,67523.32031,66485.28906,67236.3125,67236.3125,0.0,4706.541875000001
J203.JO,2021-04-06,67236.3125,68092.86719,67236.3125,68063.89063,68063.89063,0.0,4764.4723441
J203.JO,2021-04-07,68063.89063,68132.17969,67050.72656,67160.42188,67160.42188,0.0,4701.2295316
J203.JO,2021-04-08,67160.42188,67976.77344,66953.07813,67053.96875,67053.96875,0.0,4693.7778125
J203.JO,2021-04-09,67053.96875,67241.71094,66886.89063,67191.27344,67191.27344,0.0,4703.389140800001
J203.JO,2021-04-12,67191.27344,67191.27344,66257.24219,66390.02344,66390.02344,0.0,4647.3016408
J203.JO,2021-04-13,66390.02344,67150.35156,66291.78125,67072.49219,67072.49219,0.0,4695.074453300001
J203.JO,2021-04-14,67072.49219,67839.5625,67072.49219,67812.14844,67812.14844,0.0,4746.850390800001
J203.JO,2021-04-15,67812.14844,68104.74219,67682.72656,67823.09375,67823.09375,0.0,4747.6165625
J203.JO,2021-04-16,67823.09375,68741.82813,67823.09375,68698.78125,68698.78125,0.0,4808.914687500001
J203.JO,2021-04-19,68698.78125,68802.6875,68094.28125,68094.28125,68094.28125,0.0,4766.5996875
J203.JO,2021-04-20,68094.28125,68106.71875,66786.47656,66835.52344,66835.52344,0.0,4678.486640800001
J203.JO,2021-04-21,66835.52344,67227.17188,66427.45313,67145.75,67145.75,0.0,4700.2025
J203.JO,2021-04-22,67145.75,67395.21875,66803.6875,66971.59375,66971.59375,0.0,4688.011562500001
J203.JO,2021-04-23,66971.59375,67295.74219,66789.46094,67295.74219,67295.74219,0.0,4710.701953300001
J203.JO,2021-04-26,67295.74219,67594.42188,67266.60938,67572.57813,67572.57813,0.0,4730.0804691
J203.JO,2021-04-28,67572.57813,67983.72656,67444.40625,67740.10938,67740.10938,0.0,4741.8076566
J203.JO,2021-04-29,67740.10938,68188.1875,67361.07813,67392.72656,67392.72656,0.0,4717.4908592
J203.JO,2021-04-30,67392.72656,67420.1875,66667.03125,66937.0,66937.0,0.0,4685.59
J203.JO,2021-05-03,66937.0,67101.64063,66320.96094,66586.24219,66586.24219,0.0,4661.036953300001
J203.JO,2021-05-04,66586.24219,67183.52344,65969.09375,66173.96875,66173.96875,0.0,4632.1778125
J203.JO,2021-05-05,66173.96875,67400.46875,66173.96875,67346.1875,67346.1875,0.0,4714.233125000001
J203.JO,2021-05-06,67346.1875,67687.96094,67050.70313,67608.89063,67608.89063,0.0,4732.6223441
J203.JO,2021-05-07,67608.89063,68664.35938,67608.89063,68519.53125,68519.53125,0.0,4796.367187500001
J203.JO,2021-05-10,68519.53125,69043.10156,68373.64063,68377.22656,68377.22656,0.0,4786.4058592
J203.JO,2021-05-11,68377.22656,68377.22656,66993.57813,67241.20313,67241.20313,0.0,4706.8842191
J203.JO,2021-05-12,67241.20313,68402.97656,67241.20313,67424.27344,67424.27344,0.0,4719.6991408
J203.JO,2021-05-13,67424.27344,67424.27344,65362.26172,66168.64844,66168.64844,0.0,4631.805390800001
J203.JO,2021-05-14,66168.64844,66635.71094,66090.9375,66598.13281,66598.13281,0.0,4661.8692967
J203.JO,2021-05-17,66598.13281,67373.61719,66590.34375,67217.10938,67217.10938,0.0,4705.1976566
J203.JO,2021-05-18,67217.10938,67989.77344,67057.88281,67254.92188,67254.92188,0.0,4707.8445316
J203.JO,2021-05-19,67254.92188,67254.92188,65722.6875,65855.8125,65855.8125,0.0,4609.906875000001
J203.JO,2021-05-20,65855.8125,66423.20313,65757.17188,66124.4375,66124.4375,0.0,4628.710625000001
J203.JO,2021-05-21,66124.4375,66771.34375,66124.4375,66238.92969,66238.92969,0.0,4636.725078300001
J203.JO,2021-05-24,66238.92969,66493.13281,65940.25781,66054.92188,66054.92188,0.0,4623.8445316
J203.JO,2021-05-25,66054.92188,66812.45313,66022.97656,66076.67969,66076.67969,0.0,4625.367578300001
J203.JO,2021-05-26,66076.67969,66446.36719,66030.35156,66108.22656,66108.22656,0.0,4627.5758592
J203.JO,2021-05-27,66108.22656,66940.25,66102.54688,66940.25,66940.25,0.0,4685.8175
J203.JO,2021-05-28,66940.25,67726.5625,66794.60938,67554.85938,67554.85938,0.0,4728.8401566
J203.JO,2021-05-31,67554.85938,68140.85156,67554.85938,67964.03906,67964.03906,0.0,4757.4827342
